,x,y,z
0,963.7275381059299,-3824.106135282859,5012.790948080447
1,2609.7009238869227,4640.920562611273,3511.68748754279
2,-3906.9974165276876,-1950.5590524868528,4648.797926429644
3,3375.5824976201757,-817.4754551210733,-5349.561502852726
4,1355.7209603288068,5430.095982189459,-3058.873958289884
5,-4403.63316933121,4444.978262613395,-1237.2609852530522
6,3266.247530570211,4844.723084302751,2557.5216316264114
7,4766.110824993643,1603.216767906932,-3923.5844823005227
8,-624.4337667587251,-4305.236345432534,-4664.295667265018
9,2325.734719957756,-75.0702755179186,-5938.514465494352
10,6236.959188622501,-509.25931822348065,1233.5423045153002
11,5912.220573018933,-296.45523680185363,-2374.5302228679734
12,3638.721073177636,749.8409414846222,5184.407305069254
13,-5020.67510390844,2377.7380965573425,3133.6583470351115
14,1719.9367875319201,2836.0035419999695,5447.892523483461
15,412.6639403551822,-811.2896884668585,6312.855859631746
16,-2641.465769749756,-4314.69464060864,-3884.160184172687
17,3241.138362489098,-3279.0181986601874,-4407.23193839691
18,645.562547665353,-5375.024562256347,-3372.3866241820174
19,-4766.235444542308,-4200.606903373698,-564.3872086491783
20,-3821.0642383689024,2544.3668771231105,4427.89982628628
21,-4178.008510008677,-2454.6531917644825,-4147.234523055635
22,-2006.800373265541,3922.34927244542,4611.784907991391
23,-5915.162785663774,1936.3635017533081,1393.5484200217224
24,-1085.23112381761,-1578.374159530127,6083.719258084985
25,2450.5927945418407,-4566.579275238151,-3717.7385961191526
26,-395.1726784799218,-4637.977565006577,4360.4626189714845
27,-5159.6622924289395,3141.6610458818964,-2046.5782398052124
28,-1468.0150193031086,-5783.98367126006,2251.9094973969286
29,2403.7305823102074,-5892.616087476683,-424.01241025070794
30,-6215.889093811109,-1403.1557634796734,-272.9620259722469
31,-2221.2293777000377,-1169.0608309754318,-5863.451919807165
32,1810.6196239859714,-5833.173980033143,1837.4899963456091
33,4593.534287610597,4310.2213444953895,-1001.0326172364039
34,-6030.13598929625,-883.6172547713047,-1880.7743321391727
35,1448.6746682464675,1172.9225802121568,-6099.69064110455
36,-4412.7524782241435,232.93896646219434,-4599.346322533148
37,6221.5512869786035,1200.5305754500034,-729.148483968499
38,-2805.2177695131004,5521.673824934073,1523.976058675088
39,-6132.409736536988,-1190.2290718688837,-1287.453754693146
40,-5401.016163106062,1880.54896816599,-2823.6840430483526
41,-3613.3641939002796,4122.318932731862,3260.478095287378
42,5132.672943013097,3103.4806337548594,2169.033887872386
43,697.7599107834207,-5868.220644003125,-2399.5310314659523
44,5479.899155454976,2324.811584378373,-2290.5431526065945
45,-5262.385653274757,674.2695717725486,3540.238603760864
46,-6337.368012181812,690.3353949002664,-204.53682184785885
47,4906.043011502791,-3557.2706600556307,-1989.2709747947838
48,-4899.924597331578,1146.0508050659942,3918.9205252775346
49,4735.1093097354,3352.4857716587067,-2649.5679961933515
50,4093.7929051794213,4567.337451881032,-1749.5484677243167
51,-5017.800510106966,3756.216362525588,-1180.317020733969
52,5382.095427566714,-3409.139722513495,302.40163973607923
53,870.5290964974499,5325.191504900812,-3400.7566980089236
54,-6204.685792302216,303.5966686669968,-1445.7990428639496
55,-5475.087237610424,3075.669027905061,1115.4870515205384
56,-3289.015992344789,-3611.3752202830137,-4101.338124465603
57,-3056.1903483065416,-5551.426998706138,722.489047476497
58,4362.6677777415725,2857.859251277386,3671.566688991589
59,3372.444020350008,4095.875893149923,-3539.922822363193
60,1415.9573091036925,-4136.283494457829,-4644.012849146798
61,1411.4058213043852,3392.02847183311,-5213.703870055397
62,3406.053089145294,-3357.2598683219608,-4219.981056977342
63,-4379.5542959844115,2693.6192791165795,3774.1954027931506
64,-824.7035548478572,-5589.0851963394725,-2960.1726816943055
65,-3232.0154714175046,-5102.468877324553,-2049.272783018693
66,4275.176329802094,1481.091165622112,-4495.538666165048
67,2700.488830109897,-3524.7009504807484,-4578.697945803018
68,-4630.615954673906,189.7202303046051,4382.012517702525
69,-3138.9177427169116,-5396.1429211648165,1307.4664697761136
70,4655.985890687717,-4241.534634659895,1005.8881247268237
71,-930.563624066437,-2731.5134411895538,-5688.015229667914
72,2776.7374558353767,158.0655398810526,5739.8062665243315
73,2040.8699888620788,4890.3063341822835,-3549.702133586384
74,-2521.6939639563234,-4602.731670093947,-3624.4382069542066
75,4721.123320696548,3525.857719190981,-2441.3016047931415
76,3078.1424424223273,149.94760930812896,-5584.190756894868
77,440.70388322417796,732.8801779986369,-6320.54572982245
78,4791.381224495002,-3876.9395029336124,-1640.9258493053985
79,-886.3700895228053,5065.340863331875,-3773.2348977274955
80,5293.467622769154,1251.5250912052154,3330.693180637846
81,-4956.8714394178005,3629.5399470770294,1713.6209897247318
82,-4138.34707528773,1238.6309847730693,-4692.601448960542
83,4002.6472768197973,2950.314365792236,3994.3824943457794
84,-4101.291255130151,-3199.8776250118353,3690.640163482559
85,-739.1155589699468,4649.630560213287,4302.9380003421165
86,1757.192346485356,-2489.250596704935,5603.261382001237
87,-2451.8355030052803,4956.306766839307,-3178.703743659472
88,4703.993951404886,2118.3238763260374,-3750.4368346770316
89,-1500.4824141047773,-6023.8475851286885,-1463.7091196240344
90,-1799.401317107111,-5784.04824269303,-1996.8906872840726
91,6058.8676933829465,1437.850698602826,1379.615610732485
92,-1662.7843703498172,-6149.674184121853,-311.9088931636734
93,-2621.0420468013062,-5726.821377915488,-1007.118208115995
94,6344.691807404573,-644.9603458064065,-97.69141292646236
95,4298.063649404164,4656.859716566934,-721.7603734313006
96,-4441.261944380087,2267.7185777653135,-3976.591050664912
97,-4311.7870612447605,-3237.2043353921995,3407.2910090230353
98,3669.848249703194,-3825.4327802231787,-3546.6758322284495
99,4496.559832947033,2662.2943892298717,-3657.016522326838
100,6377.548403220683,-36.77444519709904,78.45760337123556
101,4915.432060787154,-1146.0070969407268,3899.4649607755464
102,-496.2235353967077,-4723.001244562218,4257.6581635390985
103,-5161.23224239691,-2028.0332935889874,3151.0941418666253
104,-5940.053925643988,-1965.1127575971768,1238.8392959295616
105,1811.476077673917,6066.328736616042,-773.8486092838384
106,-499.55802838658946,-3453.250553663478,5339.113595033016
107,3483.798821685336,1653.0317484222112,5080.478658502668
108,5052.139189250271,3873.145450059507,-394.0374676270594
109,6101.3786404932935,1842.768375472768,240.8630118110059
110,-4083.1058962738016,4645.0854313196005,1559.5060648569197
111,5851.585751119626,1972.466476316305,-1596.5437005829508
112,-2337.1091769891696,41.40677268072145,5934.37762236093
113,-6103.70636590131,1628.9677992627892,878.5579654125013
114,-519.5410021308587,-4412.087961963394,4576.482115530614
115,4782.438317695346,-519.6993521615998,-4187.938384404804
116,-4599.024490755019,3990.6564886148826,-1898.4904830102432
117,5041.634747791484,-3862.8995933247916,-583.572953898346
118,-2838.918189230999,5711.413333123575,-30.542492377453527
119,-2109.707397844592,-4976.9886137229305,-3385.1662625521208
120,-230.56825731069483,-5713.9356437035985,-2824.6078186366417
121,2620.2743513917526,-4322.304827858952,-3890.0481859836536
122,4934.419314347348,-3370.555958398408,2229.6838682355456
123,3416.210588377167,-1619.0869041535714,5136.992739281138
124,-1052.2143052321005,3374.568836534759,5309.026446922483
125,6276.971612545006,177.5766706460178,-1117.4638661341232
126,6222.743834203044,-1339.368657233309,405.1942308054731
127,-177.19635079017962,6373.411511707813,169.87862274565578
128,4342.062807722203,-2584.2642160725172,-3892.133171679981
129,-3250.3145155959564,-255.99216480092213,5481.838665268776
130,2628.719565977794,-2278.5227492067875,-5345.914245062453
131,3473.9404451129894,4453.976778090041,2962.171540409471
132,-4116.190632554552,4328.833498351382,-2235.8011563620958
133,6304.143762597726,-397.458696168983,883.4192640580277
134,-542.7532681264873,-5268.300472078297,-3554.020345553272
135,4132.3537167187615,2971.74175783425,3843.570641400237
136,-4756.088817483786,3888.947460794878,1713.574742505196
137,1342.5496611122107,2210.391343366553,-5830.296914170554
138,1947.6173268640537,-1880.108585967971,-5775.171862710012
139,-675.1582698620731,5737.904773070594,2702.080997412834
140,-4970.009876173331,3315.627922135969,2232.990126144957
141,99.93969385232752,-4483.510110806411,4535.281770150382
142,-1279.2733248970485,5693.431396958005,-2574.670906952703
143,-2641.138404970481,-5804.833828103845,94.46557394224237
144,-2977.7566943750567,5544.693638807979,1034.3931127167552
145,3946.171691265632,4995.92218919393,-386.1632470114919
146,-3498.813487267422,-4982.385881534282,-1901.253980816984
147,-5825.552767026814,953.0579655773298,-2415.6256050151533
148,-646.3136058228196,6052.898750622253,1904.0291563977871
149,-153.91762837840196,4919.045076867571,-4057.0847275091837
150,3448.0877668303733,2041.9194636621523,4962.0446639385855
151,-2737.1674886336846,5508.112265920315,1687.9706739022276
152,-2499.1573113503873,5670.332462028715,-1510.6866299654203
153,-5361.07818324515,1557.9974066160348,-3084.1719123420457
154,-2832.137678911181,5301.468420827058,2134.0244472437616
155,570.9085757209472,-6255.441486934298,-1106.411674051972
156,5463.844050131048,780.78525437319,3196.469016457054
157,-4344.116429703387,2051.9136376261895,-4195.108396653624
158,4634.986996526745,1320.7835572504298,-4177.685714327236
159,-2722.007097381376,3715.605526096807,4411.981927321697
160,-4031.481562071495,4598.100955461702,-1812.5274091248257
161,-3505.8834688000898,-3927.871484621307,3600.171981206183
162,202.67196998615358,3704.7991792084035,-5187.872271470035
163,-1561.5543756708155,5031.0034746435285,-3595.995489529577
164,5282.261945710506,291.5948587706811,-3562.7675711455213
165,1904.8787025375082,897.1048653993689,6020.570702173075
166,-883.4818689510262,-5938.065490177943,2153.942806195554
167,1424.5055252073735,2214.9302267551698,5809.08768138586
168,3653.3953377109374,1321.3760137503787,-5058.3890249214855
169,5858.429544581127,1824.6082324398644,1740.7583577454498
170,4646.127955092451,-3292.0623411114166,2873.4042802768718
171,6369.44539698206,-310.04933295656014,-121.10465212469808
172,-1644.6081913188132,3812.4750052678414,-4841.583400296232
173,-5363.125668616587,1783.7534588258357,-2955.6282329687106
174,-4799.02907880125,3655.996047819849,2069.696690318334
175,-5845.012939892865,1944.487386219513,1653.9117655084183
176,-664.2885560985194,-3167.0994666954753,-5496.2562961585745
177,2349.9616446222226,-4851.151489684221,3409.492789801435
178,-5499.560611871775,-3196.3759174711095,467.5956173107852
179,3968.1643281124684,1117.2856999032422,4866.824028116945
180,3711.3864693512246,3687.953057369815,3647.63544128553
181,579.4415347487433,6056.945284587756,1912.6664419305225
182,5643.854288251759,-2181.4616007737513,-2017.1181542242002
183,-4277.022724078016,-945.4670248524156,-4636.140670148608
184,-3104.7262234159016,-4364.124513213788,-3463.4843584992755
185,-2509.7189024537774,-1218.945305733737,5735.513487305639
186,-730.6656614863763,5553.119986724219,3051.1666121235785
187,-5920.546112600581,2338.9282964343415,396.45900604966937
188,-1297.3542381249943,-2449.9386759095573,5744.153902523037
189,162.0351455634774,4973.762638337418,3989.4938801619965
190,1994.5709370501659,509.1907436480063,6036.807364362971
191,-3483.0448994913295,40.34183048826161,5342.976918872969
192,-3280.3544733791346,3865.9067210253584,3869.71204924623
193,3324.1889752523575,-2093.5263871397506,-5024.693673641136
194,-2867.2923435075113,-4677.6126336250545,3252.5691779550953
195,6221.553309459583,-1365.9541745613053,-327.22347305784933
196,1182.3773348571403,-1072.8404403374896,6175.081280304056
197,223.39397873865497,-5535.71994010717,3160.1473803815197
198,1261.0660851745315,736.1648578667985,6208.736201646317
199,1435.5185631396675,6018.591719441549,1548.0541852015513
200,-3292.91188277813,5159.114293789006,1794.6873339525046
201,-2055.857505692657,2963.349068566214,-5260.479427284543
202,5356.557018270509,-3462.3429875418456,-10.466011932299807
203,-5438.125940799806,2033.2518034003435,2640.70160122996
204,-2451.941559196047,-5664.562737795195,-1606.6558967739356
205,3679.772635214368,5049.880092518088,1280.084370299869
206,-3362.3753828382605,5364.109944457377,775.4920240890433
207,-5731.783246109801,2762.5668232804333,442.1729947591093
208,1193.6154668311488,4476.057013522425,-4384.156397735733
209,-3277.2402407309164,-5461.422799703012,336.4357266805646
210,-4603.989895082924,1598.6278457886492,4114.40125017146
211,3525.950175771399,3019.990888141104,-4373.5525587663105
212,-4679.7120885855875,4319.76470867827,347.2163883987132
213,2744.3287096627787,3441.963822146945,4615.428102692232
214,2462.8452645280995,-1157.8508230529678,-5768.397200723618
215,-2755.7067102447413,4877.230075416399,-3049.4817443845845
216,-2483.3494794029552,4924.738212881752,-3203.210965344042
217,4442.671252603162,-3049.6049559296353,-3412.215313375146
218,-6300.825967637468,-877.2438483984829,458.9846912058965
219,5140.883911942298,-1285.650372012824,3549.5136731170833
220,-251.7749699438579,6371.67161391421,-137.9920277358624
221,-5178.3026216808385,3619.6588321261547,874.0042837843939
222,-6025.236167035662,-1854.1010919531002,969.2625356593107
223,1009.0343553331676,4443.669190305086,4462.766562084523
224,1631.10391725958,6152.172512733569,413.4065498210821
225,3783.384160080921,4969.527710409995,1292.4512460766082
226,3428.490027076944,-4699.264128762729,-2615.913678454775
227,5407.999168783671,2020.8819931386938,-2711.127542372711
228,4759.086729210927,-662.1364378143824,4194.43684328849
229,619.8932783940161,6099.072690546671,1760.0216560027638
230,1793.0017648736061,5666.626928074618,2314.112253100254
231,4706.996363370777,2157.803851723294,-3724.0702683316003
232,2002.8671382289394,1928.339345720725,-5740.266734666341
233,3460.132905397149,-2553.364179246549,-4710.461042817091
234,-3206.975429639683,5506.963803588247,-263.2296533926692
235,-5852.316275453616,-2206.707390671269,-1249.5872497695018
236,-361.4986247270778,-6329.026840943897,-702.402720453977
237,-5714.310312820179,2322.6952784459013,1622.4598247879803
238,-4283.1261583116075,4717.321917711792,286.9422022494846
239,-5013.723778362944,-3195.6889392979892,-2308.847692745342
240,2504.257186533552,-3929.6302871158073,-4355.150208781115
241,461.96559032455093,-4915.476140051698,4037.9838658305134
242,2886.385191896965,-575.6263597745362,-5658.4508841819625
243,1006.5220762147186,5950.645028304033,2063.33919847947
244,-138.06780584697273,4040.16555604196,-4933.419823158147
245,-31.955663091384217,6258.3621233935,-1229.8430626868585
246,-1718.2009525458107,-6110.51790106564,-624.4902386715294
247,2271.893979946386,-789.6880374155829,5907.243192743556
248,-1598.5956888795536,1033.7317424871935,6087.406845187784
249,-1905.6138570779055,5201.360084827585,-3161.5060788244655
250,-1051.2304285685711,-4399.272030670437,-4496.88245087431
251,847.2772626994905,6280.783286891729,-717.2964059459482
252,4617.392827001446,-4277.879301949186,1029.5939733114883
253,-2902.5509876469687,-2116.4362706106467,-5270.344093825592
254,2090.97293856956,5882.889046478363,1303.8712466204943
255,4910.930396443856,-2840.977510831731,2914.1449886718283
256,2167.7857674511683,5724.414565302608,-1792.3209371528555
257,1421.9668836999901,-1752.2799007949127,-5965.581021300415
258,-145.2945976004869,-6130.933113886035,-1752.4783090619967
259,364.39891046644215,-5378.636853374451,-3408.5349674518593
260,-4277.7844342320395,4494.448621016675,1476.8627282358957
261,-4237.278326969784,442.3855655063349,-4746.619742721423
262,-5105.550354267495,2534.7398255781345,2861.657070201839
263,-5778.33206682479,-2496.829780524193,1028.275820663338
264,-3409.145613149614,5384.326133261477,259.59558892488076
265,-5866.457244259978,-540.5857963567305,-2443.988131889347
266,1004.3951023346485,4372.577386089223,4533.474282692724
267,-4080.013866852767,109.30381503952768,4901.241792961854
268,-57.09194011801738,53.82134536040244,-6377.654377898362
269,-186.8102823161709,1351.7625205570005,-6230.447142638105
270,-5558.394547751205,-1379.5239791690701,-2807.453513986688
271,3745.569932423938,-4276.195002097264,-2892.3163340355954
272,3882.5329544735114,-4729.815232303339,-1798.7265819094064
273,-1639.4249617655487,4761.381490573581,3914.3535464661754
274,5234.128629099586,2454.9293726454353,-2694.039877234888
275,-3652.206996802988,4019.3344377537073,3344.6922609949297
276,-4854.8759214227985,-3091.8449133418712,2747.9640482000714
277,-697.0570451359495,-6142.48571026293,1569.9083940826094
278,5470.183865647674,2983.297070921415,-1362.9595200916929
279,4015.6550714014334,2141.8466727147893,-4468.51639460767
280,4279.0503294405835,-3385.4342055574725,-3302.907069344348
281,3253.4822563076127,-346.790935382332,-5474.963090815971
282,-1995.2609037235527,6044.481900915208,404.72715049739327
283,-3625.0760166857376,-5247.5004421074045,56.520563527289596
284,-2514.130927332622,5266.218032552342,-2574.242588533399
285,-783.9645431668174,-2894.85268002936,5629.019377009913
286,2516.4912508255575,-458.93872939252356,5842.711580931494
287,2199.1535263676683,5876.664125759635,1144.1914661643796
288,5416.189763570738,2347.2347604153197,-2415.7833129770925
289,1275.709854835709,5749.9496149260185,-2447.708189890328
290,-3780.140352527945,-3614.094345501981,-3650.957760337622
291,6054.331574597407,-126.41413015237745,-2002.4285863170462
292,-4447.286652787345,537.363507361278,-4540.210730755227
293,2996.343698508951,-930.3802164294952,-5553.102617821077
294,1677.9154184468252,-3086.706497077804,5323.295449268721
295,-592.5465681514455,3616.140559614633,5220.445154242204
296,-2719.6534072726563,-5683.010334886204,-993.735613056022
297,-3832.416612516744,-2173.192607738261,-4611.989634479512
298,-2645.7361836363475,-2979.307444035743,-4980.405484624678
299,1182.3621243123039,-2884.765806797518,5564.240975882744
300,-4592.3343665669345,22.54630378331682,4426.125655762947
301,227.10124468360803,-999.0889100058305,6295.306026344987
302,-1009.5976847520769,-2977.2313525033896,-5549.543907329959
303,-513.0329555083792,5882.095374798995,2412.1324132600175
304,306.72445339643974,-6364.5028984388855,-282.23138773118717
305,-2357.1805288347437,3366.3061235864093,-4877.736629580977
306,-1826.1887327677944,-4699.426090028078,3906.540762291411
307,-3330.774305392757,-5233.730007401947,1481.4332002911297
308,5500.233141561422,2827.897388627841,1559.1867555332165
309,-4919.539671485032,-3064.9154490906076,2661.776531074621
310,117.26848089229509,6024.325818509753,2091.5014048752173
311,810.4480097355287,3160.3823625464897,-5480.491669256489
312,409.65221491926866,5954.115232977923,-2249.7396396029862
313,-1986.5697297787376,4757.87654058042,-3754.5683006292916
314,-4874.905990865312,-3571.665267613307,2039.394612898458
315,124.65741148767162,2536.8511802965513,5850.596397766486
316,-4300.82088248095,943.724701202328,4614.429002154585
317,-326.9243667406393,1568.8423390650478,6173.531061261224
318,55.89342215544113,-6271.955582933346,-1157.6185390015098
319,3823.9698951495548,4014.58100707422,-3152.939131889139
320,1785.9332336980124,-1132.837908703173,-6017.2877900385465
321,-5466.143843972142,1172.6409920895437,3070.3120641794203
322,-2565.122845498572,-4940.338253834229,3113.4923022182766
323,3783.3251552875377,4132.392110876629,-3048.018668266668
324,-2397.0066958405296,3495.661948996291,4766.061060163215
325,-3159.997654223327,5079.981526138453,2211.070806230343
326,-4724.222262136629,490.23380519829607,-4256.997348477265
327,-4020.643354763853,694.9763917199517,4902.251158346967
328,4194.0006395336,3967.840988381882,-2710.5770819656536
329,-3360.821872474286,5134.203760604734,-1739.3848558785457
330,3435.8514390785026,-3264.513513539196,4268.314421322678
331,-1454.7548519484296,4031.8004226717894,-4723.230384307448
332,-3102.0651532246925,-1303.376772718636,-5418.397582704282
333,2122.2331277158414,-1739.4981812719311,5757.682191624167
334,-61.70614876705492,-4654.8532802358495,4359.9501007982735
335,-5155.470462494021,-795.4082034760806,3670.0247534538003
336,5114.059684282953,-2595.5180671925827,-2791.112878268741
337,-743.5023368831032,-6261.930293356108,-957.1127765145811
338,5124.644702221686,2895.790681875258,-2456.225680495306
339,-4395.387940161647,-3912.511022568409,-2460.376789138455
340,-4246.279541867046,-4512.4982627020745,-1512.3164590128436
341,5007.528659289554,-2154.7123996856085,3310.9670478281487
342,-3436.691777061801,-3196.4039015282833,4318.886814740526
343,-105.82894230461794,-6373.983730598031,204.36053388875098
344,-1933.491097829175,-6055.850397688962,518.574706474159
345,-4119.501326414479,-3322.542784139236,3559.641816250988
346,-5408.514192268903,3073.2389937047474,1408.477160044663
347,-593.8847830910672,-2944.661134581041,5626.446770180072
348,-2645.696601483516,-3191.4859225881205,-4847.199056113687
349,-5972.498118200462,-2214.5091538882134,325.34139946559117
350,5034.815663307275,522.2541048227886,3880.5300510729803
351,-3369.3874058712977,-5365.365870567557,-735.3292968961023
352,3310.733892116409,-5445.426619612875,-258.84670516006827
353,-144.86926101278232,-1593.055383601804,6174.28692504324
354,1712.637191371403,1114.341728329096,6041.998672128701
355,-3146.0733667488116,-3961.1588707660494,-3884.851909964423
356,4332.47711417182,-1423.1266093194859,-4459.258267895371
357,1254.473623439275,-518.8507211548961,-6231.991772140042
358,-4191.247782971614,-2504.8033239337637,4103.6610387451465
359,-77.18186076371315,2200.569422486952,5985.997725354854
360,-1603.2602975896298,-5709.133348330533,-2348.6132972292385
361,-4338.11042584601,-4670.420413349943,-220.46016987043004
362,3077.6006841270496,3210.1886740513414,4572.055806398496
363,5266.705914021735,-1159.341038462064,-3405.637790857268
364,5429.447628793034,-2873.8932160317167,1715.3622998683313
365,3462.3191767234766,-4773.9791431393605,2429.4239338024645
366,-842.5416771491842,860.6938181294698,-6263.382573695251
367,-2405.654724372591,177.19611862930074,5904.410086826248
368,1861.2259146442282,-6100.337604335561,48.48503434280701
369,3296.8334972660464,953.4699072246938,-5376.09668980111
370,4267.192883095755,-4673.3871660785735,-794.4487932887814
371,5402.8456307528,-2785.429057076793,-1931.6510163631137
372,-2344.54102992169,2490.618883783751,-5383.361080730376
373,706.2752314839933,-4533.865823594886,-4430.10920653199
374,3144.1151397544727,-3590.6285057732503,4231.1415140909985
375,3924.530602873858,-3693.4687851004396,3411.3017268140075
376,277.18923226637725,6330.499659026785,-727.0294267402969
377,-5449.155108510132,3313.993481423339,69.19103446647296
378,-5237.5099298978475,-3502.604128843818,990.3967092012535
379,-280.30572770121734,3355.786398557734,5416.710988878934
380,-1749.1600683166446,563.8828598747281,6107.626934130391
381,-3811.3783136678276,-3819.5248161494615,-3400.77301796077
382,4243.271652900175,157.70025321288566,-4759.244467412806
383,1373.2365489875465,1124.291034648233,-6126.240498111658
384,-2303.6584074569523,-1340.690926435489,5794.509243438605
385,-385.25638876202424,-6292.027796757252,-970.8734781222129
386,5970.257616673102,-1610.3117678108015,-1563.1863586200643
387,2223.132677905341,-126.25512712483749,-5976.819583195825
388,1645.899928828499,-4837.170990400903,3817.5151374520146
389,4842.294497290035,3125.1816195644174,2732.4083583938127
390,5310.975024698332,-2673.686796413879,2307.7206920426097
391,-1318.171664204182,-4760.399237557508,-4035.0531785244243
392,388.48950712264565,-4065.650403925411,-4898.999314828054
393,2118.091267704422,5729.262827769388,-1835.720137380199
394,-765.1592940462905,3386.606588946531,5350.332574448762
395,583.1885177290097,523.2672488571951,-6329.827338074196
396,-1110.7309836564457,182.08511871804114,-6278.037375028602
397,-4958.379113586961,1754.8798713347683,-3607.7007627986072
398,-3587.479959865378,-4207.562515269051,3179.1566190478998
399,-904.8958296306779,-1097.6650337695155,-6217.469469319955
400,3596.4060610267725,-429.19002856647086,5249.980090853488
401,-876.2888127926044,5367.507868797147,3332.0577404577243
402,6013.927551130641,-51.600565687750624,-2123.827766590669
403,-5707.1418170613,-2610.438075822317,-1137.882649053192
404,3575.0331012412566,5269.705805497645,360.51440928585544
405,-3026.683864345661,-4964.290187080918,2622.1440300888726
406,-2120.143190981834,5491.722261542255,-2454.915689506175
407,-3899.6523177963422,-4333.234730788782,-2587.7442220900584
408,-899.4367879277055,-1762.4276088297686,-6063.45561366832
409,900.8860297759807,-6256.72262577997,849.9752562142394
410,-2004.9513688191405,-4944.914855779099,-3494.083380306547
411,-1320.2403958328878,-3889.8799340129303,4879.18343444306
412,5874.107855739745,-1467.9392007164242,-2005.1541070216108
413,-2673.9276936749425,1031.083338386339,-5698.035576325343
414,-780.9739380070821,5017.639466420871,-3859.275253715182
415,-5228.689268079557,1365.3666238252638,3387.8037297314995
416,4673.808494961298,3796.0337302544217,-2103.871113440011
417,265.0994510304048,5192.647634859835,-3694.1527326326036
418,-1171.0703773051657,-231.3855313550903,-6265.435858585327
419,-504.657940137496,-23.585802019203424,-6358.0968586652
420,3288.0870233670335,4863.814515018017,-2492.4734062842804
421,-2638.1028028781466,5743.786752474714,-854.3763423172677
422,-6366.38883437781,342.32657658660963,180.3810279409645
423,5631.783993268111,2800.1929605784658,1059.5093333543118
424,6347.358596105936,-458.289378286912,-426.1939569708338
425,-4405.669118241091,-3925.092306881797,-2421.644398709913
426,-5002.1378844380315,3481.4059137130657,-1881.2392298170143
427,5257.526302128056,3263.9940928177452,-1544.4712154169629
428,4093.6121878002346,-4390.488049076462,-2155.594010378377
429,-2973.6599906782326,-2136.826920914224,5222.255122134954
430,-398.2780133226454,4273.876307851701,4717.625199192563
431,-517.8630047835768,-5380.257538966776,3386.0416880831062
432,-5933.642739507665,2296.7844865613874,-444.1806535047608
433,718.1988137512745,4992.831113287364,-3903.390773274554
434,-2243.586261557739,5909.713789084712,-849.8442262087665
435,996.5197744116526,-5856.784775790808,2320.7007605549998
436,-429.5669236899959,518.6906377959408,-6342.480892450788
437,6131.120133415665,-1405.8906133643884,1055.2104451946916
438,-4380.494005514612,-4424.358407796429,-1384.5419956724318
439,-6168.170194114069,-1606.184176296141,-233.41045183901315
440,3551.1382999427406,876.2207651908873,-5225.158900559587
441,2494.593177738084,-5787.923249478993,-978.5606401711302
442,-3527.8463497520233,5218.123762624459,1003.0533989994083
443,-418.6675810560713,2830.12259208505,5700.504816339641
444,-755.2742338751194,-5447.578011200397,3230.1836223811306
445,3096.676178857852,-375.7157552418732,5563.278341529062
446,-5578.954766295613,3091.0423654067254,-36.77501403458609
447,5054.3487847462075,-2750.5019140795525,2751.168692310278
448,538.9561519512962,-4494.638276697201,-4493.1486308257445
449,-658.5298481806776,-4596.665875661881,-4372.371536975068
450,2040.3194204840888,2600.387125684407,-5454.879929910397
451,2901.661863679302,5676.687703492408,190.2806786203937
452,-5403.951110694149,1806.552849679062,-2866.0618948851966
453,2928.3685787977415,-4301.322611043348,-3688.3482554127568
454,-3634.3620380638727,5241.155301635433,-48.324643692459176
455,-1097.5241586936452,3539.4076882617633,5191.21041069675
456,-5878.907258173123,-2438.5269601306713,415.53255622661163
457,-1645.6704429369138,-4935.498027641236,3689.6151023056964
458,-6072.795967428976,1892.1075688429619,470.8605703119947
459,2849.907449180383,-5621.925863843199,976.0167536093104
460,4320.289564625568,3404.559728099337,-3228.7308228405454
461,4919.6915968073845,3630.897513502417,1814.8965341070461
462,649.1659325685042,-6342.500960218353,-178.5966192029855
463,-5034.207525787407,2284.310150815534,3181.0868131749476
464,2821.5479200807426,5713.775890071716,268.8196486349134
465,5575.722713023815,-2316.479542445087,2055.6921821305687
466,5059.160534871034,-3597.8409118395602,1463.23854728677
467,4132.940566737046,-4856.858902382201,-101.76180491240666
468,-6019.6375325732415,-1984.375305556078,711.9341359309556
469,6352.154002649364,-36.39793194631087,573.9741352575875
470,-2291.252709127975,612.09575294639,5920.821851982012
471,-6083.718226634964,1458.253278805045,1241.9748405393957
472,6017.786777671876,-1962.873674637271,783.5820484560127
473,1052.5071764427269,1146.1843455547187,-6185.39583861137
474,683.9426073409726,-1350.5283091911492,6195.879871875012
475,976.349854114038,5775.243144765191,-2524.6661505995517
476,13.432321970392865,6354.844795556357,544.4251903482827
477,-1280.519067784569,1227.6019499832275,-6126.491325400413
478,-4384.977659025397,-4631.004224529591,80.01495489108856
479,-608.345592397036,4643.361602728931,-4330.097026312771
480,-6346.346242728096,-428.31144981242346,470.18109292011377
481,-5718.645597825946,-880.2214736238321,2683.8282870940902
482,-1178.8273185755074,-1518.071869025645,6081.649080983057
483,4823.867254539521,-4076.1961320915007,-891.9424836123835
484,-5763.86454771071,-2276.5538107344,-1508.575425109164
485,588.8207364532227,-6047.156096578994,1940.5733365938986
486,-3026.857555020987,2598.865825301678,4976.410488942848
487,1126.4758347789982,5571.6366935143715,2892.844333854174
488,4566.346128390022,-2827.2190912453057,3440.3410930610526
489,-2489.769038335377,1163.190187571024,5755.751064288136
490,-3264.9756376116916,5207.8948091704,1702.468012382943
491,2162.6487272658283,-3545.8779011902648,4840.488816542706
492,954.5852598540445,4877.311083183326,3997.6537081512533
493,1496.7252209317655,-2430.7524410350134,5703.673182625217
494,5332.176384427588,-870.8174050511384,-3389.7202898147398
495,-1460.1747385338665,-6166.4043194023925,723.8640019866034
496,-6086.281356897118,-1330.438810280406,-1366.6540921371507
497,-2636.7963434907024,-5636.788890315258,1398.0513723542244
498,-3046.215713337669,5022.987585538514,2484.1089215470465
499,4893.743757172855,-3321.547998112346,2387.304447726884
500,5575.438432378949,-378.4847681466117,3074.3889080273775
501,-4058.841094034883,1145.2569287289905,-4784.85392999002
502,-1337.0992815356626,-2413.5554752051717,5750.438858921373
503,1985.3503819634604,484.9410672930123,6041.841409111898
504,-5064.215081484848,2099.605416523938,-3259.7567845061303
505,-2812.5240168268315,-5348.774569912803,-2039.840887372191
506,2355.30308361935,-3215.9867907780886,4979.016764041172
507,982.6369851551949,5821.015190821457,2414.7128803234455
508,-3413.930221830761,-3663.074515937553,-3950.6451526210785
509,3765.7846644480096,5082.445728711819,-817.4612323995343
510,-6065.862690140762,958.1426372370911,1722.7606049116712
511,-2297.963029322089,-1265.2477371382054,5813.703266447686
512,-2120.3090336026235,-3988.1967131996194,-4503.244182766004
513,-5882.664433579973,623.7769202199157,-2384.49011456604
514,1799.319644921164,519.1413284985275,-6097.013423571786
515,931.7725618241253,3011.4308194493224,-5544.701606351011
516,1658.3892217655266,6152.0112917339275,-288.32940585237884
517,6020.6136771193815,2084.792753918867,-294.0777360825268
518,1047.9482845456832,-5095.866540330786,3689.7940575083458
519,3106.1988705867707,1652.5057557608288,-5319.904594474585
520,1489.7259846368847,1892.997087524975,-5905.752289767039
521,-3596.68036777657,5265.763628819753,-127.49638511982084
522,2518.470768595155,-4860.549383531668,-3273.0713815544327
523,1106.161141668288,1443.089926353297,-6113.471238493704
524,-2904.7844974295567,1323.1417219766267,-5521.970173572711
525,-4786.834637849765,3925.4399333271117,-1535.5022209334447
526,-4534.809500207439,-1355.6865967204712,-4275.306800578155
527,4268.075004178679,3088.475336305128,3595.2033943170854
528,-3459.353071413981,352.9269783975278,5346.863610191197
529,-1397.0822053962133,5958.977052158187,1794.2645830496585
530,5291.442278608135,3503.826803211099,635.9779367453202
531,3097.149076836088,5575.456754029665,-50.80522185126847
532,-1350.384944802836,-2926.0192493404,5504.135122261106
533,246.32571623985396,-4024.3999046797253,4942.080598240152
534,-5057.564589988789,2237.7526734067637,-3177.12684378849
535,-4606.392750437677,3260.8382244934865,-2971.31477517384
536,-4640.165793331387,3970.3428036639807,-1840.0736459609252
537,-5551.908056484423,-633.0363639984805,3075.0956871238877
538,-2865.456595940403,1288.0980162069059,5550.729104198336
539,1054.8497935393696,-6284.84613922464,261.9780718153397
540,730.901392445654,2572.6661027272153,-5790.319841698588
541,334.35527518035724,6237.822216444673,1287.793514798599
542,3348.5540322087113,-4431.1918975751305,3135.658758700042
543,-3057.569307911284,-1776.263238432087,-5308.181461280564
544,-4160.009455843108,-4646.671404212332,1335.4391709622423
545,-6234.119158515347,1064.0727531777486,-827.1270060550632
546,-5145.223756409478,-2553.145490701723,-2772.859929848242
547,4270.440806790442,-2967.8055302460693,-3692.708659115803
548,-3696.3683707933383,-3512.6694390280218,-3831.272095569063
549,53.32451191779754,6328.086732197924,-795.6798332107746
550,-768.1666200717008,4924.402850390853,3980.0512812825737
551,-3163.444708786503,-2673.1014126934383,-4850.544093467868
552,2607.131782177954,-636.9828237413102,-5785.995881729017
553,-5210.909855245337,-2381.4851200314934,-2802.7805291075856
554,-611.9825077800352,-4089.781152454722,-4855.903533428807
555,4807.399006711804,-3165.3840766437775,-2747.70632134611
556,1758.4437694898045,1902.752733849743,-5828.210628841309
557,81.52916681052349,-154.43097403407296,-6375.745890481134
558,-644.3356929312779,-6034.178980243052,1963.1981917210205
559,3820.01851452293,1875.780693419676,4750.7406716916275
560,5498.033332757675,-2279.6570149069107,-2292.471364497327
561,-3196.73528148996,930.8745104674949,-5440.12755150173
562,-5464.911765653259,3217.8267528420797,-678.9418039032298
563,5491.695762210543,2625.980123630545,-1904.2420109810282
564,-1592.3747333152178,6059.881442183729,-1192.8165014559181
565,1528.909554392944,-6096.427492307433,1084.7299185940547
566,-139.09812980633748,-4106.559211518355,4878.263496711418
567,1857.3862044059726,5998.571395893405,1117.089650306014
568,-308.07850148741664,2451.7460725944266,-5880.022144788918
569,6169.735306691462,467.1954385183637,1548.1363823518377
570,-4735.831726212626,3878.9446098813614,-1790.6194920304179
571,2584.330449026508,3760.229057535814,-4456.741540168867
572,-5263.505997842655,2570.3114363693508,-2523.8136463519486
573,-11.351180581413836,-1235.4695378090464,6257.325128408648
574,-2203.886073689641,5355.488523062848,2672.500784716064
575,-4722.972508777699,1004.0987718516365,-4167.24704432856
576,-3826.591382299281,4962.1093656837265,-1189.664081443043
577,-2120.830106275608,3520.6923262749324,-4877.236594096374
578,-4800.679556819387,-4136.193297502948,725.2671157560499
579,-5793.191107129439,2400.0887910456636,1165.8225345833516
580,5798.645939779867,1476.127263091306,2208.480282683554
581,-904.1969194009738,-5344.682493677228,-3361.164762919984
582,-6190.800036903903,-1099.0549629166023,-1070.8429774378765
583,142.27928467939324,-6207.55373422077,-1458.3088948099721
584,3738.0929253751437,4186.750508189247,-3029.5895851099
585,3190.548042859442,-1196.032770440397,-5391.710339865027
586,-2987.2020634139985,-52.58803392574492,-5635.112236840715
587,4505.897019357765,-4199.940657575103,-1654.6969857225877
588,4974.161895263542,-3937.592150442743,-658.5689692423248
589,3587.9811217825286,-4738.4312889126695,-2313.9343077871918
590,-3326.9264421224175,-4622.856175334572,2870.7826148363574
591,-5822.521948816795,-706.1980933192813,2506.023543246928
592,2635.4875656269533,-3498.1147581601044,-4636.5968145760935
593,-5660.573132674021,2637.540572047181,1296.8897914715208
594,-5382.401647467438,-3373.6813783848183,-573.2870600740152
595,-5615.852291855313,-2002.9507832539846,-2265.176105007
596,1086.6811250977564,1831.866785698883,6011.989670864256
597,5370.344725578204,787.1979209856993,3349.6788730293474
598,-3751.661372176246,-836.0673287531669,5089.858540380193
599,3262.5766282492,898.9471111346311,-5406.303675058753
600,5001.028599618943,1713.1429515682455,3568.681235982619
601,2104.3572472735627,5721.556267303231,-1875.1282747319829
602,-5271.931096703789,-1825.143250938431,3091.314642014054
603,1438.3962973772977,5716.882855363344,-2434.9328739234124
604,-2035.045169419994,-3140.418321614702,5164.977784507503
605,-3702.6915111873363,3105.0382129023055,-4162.864982216777
606,5708.497434790248,2382.891337486209,-1554.1935212499575
607,5024.512573190085,-3184.834753032277,2300.376618839092
608,2325.9921582170205,253.59365623651553,-5933.471355639843
609,-3298.396105987607,-2979.4480365233517,-4574.287279613287
610,1308.6528599257788,-6176.479755255284,905.0729892658983
611,1162.9291559911876,-2810.7950383491875,5606.037693532412
612,455.88257296863867,-2788.0248624608025,5718.366902948158
613,308.8736886487169,-1158.5307069721498,-6264.426169748682
614,-4454.644885201038,-3200.3611241994336,-3254.9130882765753
615,4205.619283368353,2965.7021048455504,-3768.0245566402473
616,-2024.7636384711484,-84.78488719867255,-6047.625593734849
617,2516.1247033707,-2704.5561330935666,5199.5311510560905
618,-887.8954227097078,-948.7171986035156,-6244.374186912091
619,-6111.982046782765,-1050.1404692417682,-1490.4737654299197
620,-5996.019219000108,2072.3967969135656,-658.4501744951749
621,2360.539011592822,5885.86283315539,-681.9867115988236
622,-4092.0068846320914,-4176.588250443882,-2547.9838761551596
623,-4118.644644360357,4348.223159742382,-2193.251749647249
624,3923.7808902806382,-920.8454243071466,4943.340856179156
625,-1293.4615207281659,-509.8779663970998,-6224.758095263408
626,1774.4439523265778,5204.437866052057,-3231.997331252633
627,-4696.976734658994,2104.8647241620924,3766.773903198752
628,-724.9694087843734,3622.5461569153426,-5199.250935289978
629,-3157.157803087971,-488.50901520999554,5520.357338001616
630,5934.922281310232,1246.3510576054325,-1975.8385933021345
631,-2528.698362122152,5692.895093855051,-1370.1319770485024
632,3599.255103837292,5230.588597356812,605.7534262974414
633,-3362.6815667751325,5417.378697481505,-158.15283529966746
634,-1871.4813752558073,4489.3601227976,4125.995000078689
635,1898.3476413668977,-5971.417679577341,1191.2509052743253
636,-5440.824788716579,-475.4617783036682,-3294.2363768601217
637,-1051.2779312835632,-5877.937346870756,-2241.7178342126645
638,-1398.633623726164,6158.071067897294,-895.8885533803277
639,3233.585175778972,5152.108592407752,-1918.4200670837645
640,2261.8772474769758,-3565.243038120077,-4780.54233191709
641,3708.3135270779167,1134.7653303890484,5063.728865234291
642,1713.5509740741118,2095.608819076083,5775.188163811566
643,4490.95291835459,-377.6350664718191,4513.243316337178
644,844.2408724681555,6271.735279922636,795.7546849355758
645,1839.8050484505745,-5795.336235147362,1926.0910923559086
646,4344.53870167337,3102.6048585046083,-3489.908043547117
647,-1059.8147139697116,4070.65322441234,-4794.497542955227
648,2623.802765568238,5754.522065931042,825.6914864997607
649,4769.727938498006,-4211.830688545065,436.8171637087462
650,-2282.8647189472217,801.6379929951512,5901.401256815344
651,-2434.1856538674574,-4534.572723811886,3767.3627388049727
652,3578.048253859841,-5279.977563687793,-6.261850608828354
653,-2974.016498779999,-2943.2740918977356,4813.833719159492
654,6341.0287049634,644.7012868490817,237.3748182396639
655,-3116.089514257348,2060.006322841862,-5169.815439622187
656,3326.399734624651,3784.636217976951,-3910.527470026923
657,5358.377397511962,934.1462284750246,3331.0349863710244
658,-21.270699111523978,4724.4863550760565,4284.787956110368
659,-4990.94702019392,1445.4861457543464,-3698.871346075538
660,-89.05670041862639,-4155.347558129894,4837.9527866674625
661,-5909.299101098371,1812.893637257258,1572.9692891214163
662,-5684.211805827557,2214.72343606181,1861.5498486525112
663,-6142.91247646784,1210.23007029509,-1216.799520947593
664,5358.549202823327,-3362.9226067154486,810.7611071904248
665,-268.87076066721056,5224.769831087373,-3648.3037588702027
666,2292.423125722352,-2826.5592395779327,5237.937635041007
667,-5874.010859350943,-1184.5083832479954,2184.849629839867
668,2046.8142810488027,-4459.379500855926,4074.937712040469
669,2078.7903903044444,4365.945115223586,4159.0606337011
670,-725.036305148671,-5054.6604560021615,-3821.6961707484506
671,-6081.153130296078,-1495.3857994186399,-1209.9708705403918
672,-5259.67914811231,-3354.2542341569742,-1328.678058192263
673,-238.26040123917468,-6372.93665440917,-97.68301212802999
674,5491.207133722498,3236.6343158150153,226.8790669339296
675,-3101.667918636881,-5209.867284855583,1979.285372921061
676,1173.6920681724873,1358.3616766345876,6120.2885614428715
677,-4201.054083516771,4380.284969500981,-1960.8364960138442
678,-4428.348604800237,2224.6465949475987,4015.1348361818245
679,5440.154174547029,1613.7628617161274,2912.236867782788
680,937.475034825484,-4273.874502272753,-4640.664703323305
681,2364.3917932208637,4173.104408469637,-4204.222001147193
682,-58.093122565498994,327.79096771506045,6369.443449891364
683,-4947.350072581813,1510.2907717510702,3731.404646357357
684,-1203.3543298879201,-2113.0382574840078,5896.409014808753
685,5286.869156356358,-1703.7436227755845,-3134.7892723735554
686,5313.59218461263,-896.2643378573786,-3412.1957627131605
687,-3108.713893799274,-5543.032299001456,-539.7429476102443
688,-5342.291962942927,-1763.0472402798337,-3005.363971632398
689,924.153594008095,-6217.902543596676,1079.0086578822757
690,4098.313138066624,-595.0432129164428,-4850.8127760079105
691,2161.6260052103594,-4133.587975731631,4349.879889290528
692,-4165.423864935581,4789.590726679097,-624.2565875533182
693,-3391.7524661003504,5309.681976448015,-991.929487642281
694,-4990.420831206015,-1398.0350969012343,-3717.7720998020322
695,-2429.92169807267,3888.8348600858376,-4433.1789455181915
696,-609.8214655969963,1798.4619644853651,-6088.865570298425
697,3229.0460647218197,-80.40680378217603,5499.766163081759
698,5185.4120698409215,-3647.340404418084,699.314829684321
699,6208.303439294756,-1448.9509880531382,195.29728781970516
700,1150.0465609962782,5373.598885164248,-3237.6626630443125
701,-2396.0338204514346,-2039.35872207356,-5548.032941928553
702,4461.151654125991,-397.46008368317547,-4541.011230060601
703,-679.3074516360462,5848.633430713476,2452.0725866216644
704,-799.0611145158881,-1277.3388182740225,-6197.6236146903875
705,-4464.026223398316,-4554.121928827813,114.34563809265364
706,-5707.274480694859,-873.3106138184522,2710.1620181402895
707,220.1835722283202,5715.41177320769,2822.4491222994066
708,-1218.2763646318128,-6116.703934382645,-1335.0532833023426
709,-6139.685851236803,1558.0936568377047,-746.480673168252
710,2509.033001449618,-3689.527832096889,-4557.715366780613
711,5826.463865220289,1011.2357070190192,-2389.634441269413
712,-6170.79122374545,-1215.9644006395254,1059.9046372634148
713,-1651.969617515298,-5280.974699024797,-3172.2128241710575
714,-374.74349505934407,-4921.588944869902,4039.5743787451256
715,-1599.0141599327658,-6158.443823282716,-444.24653355369355
716,-5690.082013462574,-2876.4370266659516,172.36096560367878
717,4470.413656604111,-3617.640904898645,-2758.3885898873227
718,5601.382386822685,-1379.4868991302344,-2720.6916110595203
719,2282.7995878786096,-5051.169220091556,3155.1778305429807
720,5403.701300500563,3277.930595452001,857.7965126632371
721,1026.2466723050495,-4363.419805951384,-4537.402005044626
722,-325.69979559958125,3478.344587291737,5336.2599417544925
723,-4577.585876970455,-1524.1034506397732,-4171.743976022206
724,3423.354644343655,1755.6157441882763,-5087.149292931943
725,-1669.1763560871514,5913.035520542116,1711.8682238583197
726,-170.54185421529323,-6341.609569626127,-659.9508566220129
727,-1611.3941180218303,-3622.1758207836383,4996.386985663142
728,4808.221651691545,-4031.0670330698854,-1145.4844887080617
729,-2178.9469909243458,3323.260720279201,-4988.863576663537
730,859.6468343867758,1339.5097219891318,-6176.354314285603
731,-3420.7268332041576,2308.9467272657025,-4862.923455496195
732,-3628.507483690049,-1053.5536985419992,5138.53964039033
733,2864.9099484319054,-4063.000977097681,3995.6158021321544
734,5983.292622816754,-1273.6778691880716,-1805.1553024757013
735,-6263.220355391415,-628.7401250593057,-1028.2938421093668
736,1462.4304930681133,-1354.2887303510236,-6058.698761166275
737,2889.462384221095,5665.763482939541,480.37784745878616
738,-1207.4455215756107,3802.1595652434676,-4976.574076975405
739,-5114.1196562706045,-3795.675153206631,345.3431097408047
740,-4740.095918492514,524.2241768948153,-4235.24630766837
741,-4992.867874488915,-311.1765535690966,3956.648977502856
742,-893.1537988807037,501.2564335167248,6295.36733401412
743,2887.609253352805,5070.466624555812,-2575.405327319535
744,-5914.48535155307,1478.5189495259085,-1874.4269345391804
745,-169.12291372094623,5925.617944827282,-2353.525228835338
746,1635.6347795362117,6048.541388465026,-1191.837879397237
747,3882.9274228087233,-3417.030218511822,-3731.944627904606
748,5241.768144527905,-2959.7641053165175,2108.1496034820184
749,4365.069728973854,-1119.254084588235,-4513.764298908138
750,3604.2925377479582,-3917.5580828724733,3513.1816862246005
751,-3756.596992994174,5126.258660761614,538.5933214983888
752,-986.1962648867058,5861.628198370726,-2312.8690801594603
753,-3652.08591011074,5048.023961036489,1363.9480139437464
754,3902.4397176077277,690.1551745783474,-4997.527556323171
755,5391.333036460938,-3099.7230969989323,-1416.2896605797905
756,5573.210776671617,-554.4993765592235,-3051.6362284773995
757,5124.870009226028,3789.1052881884248,-242.94051602630043
758,6348.895685975941,296.9686072890403,-532.8834822453073
759,2750.6767241301177,1311.9760261113286,5602.9570814889275
760,3949.8747122547275,3578.6974942632714,3503.1479547420504
761,-6019.381728154116,1705.050724553585,1241.159630439477
762,1493.4727840424073,-4722.047274651645,4019.0098494590156
763,-5964.421477951414,-2122.690332760964,-774.9153342940199
764,1270.6317873600738,-4901.978544060408,3877.7226312992707
765,-2638.0704814348633,-3579.348768630246,4572.688281334752
766,1662.4621942804051,5850.709314659176,-1919.9092579384414
767,-4756.742915468474,1146.4617358588985,-4091.412215252928
768,-4418.10790426659,-3223.596554190384,3281.6732611334055
769,4717.282694983176,-2315.361942204178,3614.8270557488295
770,-5206.579956716974,-1678.5393710903986,-3279.4301829405535
771,-2096.7106175437107,4518.157827320169,-3983.8029600463374
772,5416.788365540675,3364.228060049703,144.93085829591473
773,4767.877254051262,-3463.9872082994816,-2439.0101889510734
774,-4543.829792756263,1593.4329138240162,4182.728051687304
775,-3831.770654069921,4157.267978277278,-2952.166696202624
776,2188.5339335125227,2405.6546499831434,5486.690853114259
777,-6164.050433204941,-1635.2629720525322,-105.01837890999195
778,255.17986973460893,6363.755498982335,343.70157698696676
779,-2900.7535696489103,5168.689169839932,2356.0374751937825
780,-3795.30259267397,3012.5355134278407,4147.401548095783
781,-1128.767162829506,-6165.613782520017,-1179.7130870198998
782,6122.5485991087,1283.0391289339818,-1244.5243412426416
783,-707.5408058223256,-4619.542268617612,4340.489238244986
784,-3625.003723393668,-509.7381387138132,-5223.039979369449
785,103.5184990418787,6377.1713661659705,-40.010969470400596
786,2011.086955938147,6024.9298270780355,579.9839870288424
787,-5105.44839452408,-2915.4353751376907,-2472.9061557237146
788,-1486.7641534762633,5217.7414320564785,3353.4069676834943
789,1287.2322858938196,-5725.140455704633,-2499.286177166536
790,3981.439789446167,-2718.0983940641504,-4176.207599481823
791,-4715.450589269348,-4209.159010808659,853.309880791624
792,6356.903335146172,-116.5971613095023,506.7708361291361
793,-6357.840916717811,-420.3142822211725,286.0530940904455
794,-1857.3855385312706,-926.6402394928327,-6030.927658211178
795,1453.9322129027514,5243.328596529736,3327.794756271217
796,4619.810864496527,-3884.8832344334987,2060.5002843645443
797,898.5461875327175,-5481.199570191653,-3135.2348574501148
798,1899.496775974459,4309.674941226241,4301.0749225976315
799,-199.84805172855212,-5433.022763414488,3335.1095932831513
800,-1536.3481011604815,-5953.10961804276,1697.2778141472163
801,4549.59574028035,22.10128717781009,4470.047172446503
802,-2001.435703498851,-1298.5320885426897,5915.124777259903
803,1257.616226161457,-650.1855844297329,-6219.026589769831
804,-4213.75257803366,-299.8597517402833,4778.598636752194
805,3387.122207845056,5107.155545336038,-1767.7660975466142
806,-1738.3377404690434,-5880.221079864725,1755.5094823852442
807,-241.6195665415502,-5124.318519881295,3789.9355248651436
808,4307.400502641515,-1381.172676888369,4496.586987619569
809,1023.99999560093,-6079.73076926454,-1633.6858244583927
810,-4139.46185022349,-4424.035576016016,-1993.3380053212122
811,-5550.157449899565,30.61369063903725,3142.5223426475122
812,3628.685042572319,-1077.220426983461,5133.504904475157
813,-5090.5598281233815,3303.8757363573113,1962.4569666045854
814,-1858.249372530663,-5961.150540979636,-1300.8555215843862
815,-1616.8524535389483,5329.761790033002,3108.0635443565634
816,-6034.990572316052,1548.6530156302636,-1364.2559217407306
817,2748.240799429866,3814.406032560037,-4310.233255624071
818,1763.9745142346344,-5933.026097134692,-1538.9044267329846
819,-3914.5032891025626,3762.83718344227,-3346.3938682226953
820,-2644.079199039623,-4318.818472218846,-3877.7936747583994
821,457.73597233775456,-1567.2393524159145,-6165.620016075914
822,-3551.338539694936,-5137.174261500237,1295.4021669836502
823,-2326.5277940899996,5212.789558753117,2845.1230255035016
824,4032.8210642684758,-4860.605319713637,-889.663858057058
825,-2334.4957799719023,-2032.8531258624412,5576.582216083044
826,6258.985716212198,-305.99295802698356,-1188.3171734257548
827,-2305.2397263914067,-5847.497394957713,1083.1784758748772
828,-299.10569428637433,4465.681601636725,-4544.101144034727
829,2893.8331997128957,3559.182399006566,4431.543935651579
830,-4462.117593753305,808.2188473666079,-4485.189011072733
831,468.45022714941564,5649.81131079075,-2922.4678146924994
832,3665.1603837681487,2218.3435228350745,-4725.059043728574
833,-1579.529078337623,5875.9322083076595,-1912.8879122487979
834,-927.3042583507552,5995.2604605515235,-1969.1598242298915
835,-4644.062925511207,1183.954163533376,-4208.510861731649
836,2872.0717042022907,-4353.710868809595,-3671.1084685008605
837,5097.657343405287,3192.429306018144,2122.0076168740898
838,-2601.907180694042,-1662.1807377764878,-5581.027307654621
839,-2627.212779295647,-5386.3704943023695,-2182.9790427723965
840,4514.506822101781,4100.897303527463,-1866.14604195027
841,-5536.754291881061,-3090.5191588572443,-688.2403873952353
842,1273.8082956804972,-2996.157636993659,5484.622451081671
843,-5291.90794884214,-3192.0061195378603,1577.1616228475823
844,-6035.134081887263,1410.5110767079327,-1506.0699541840668
845,2315.7448856982187,-5941.0958475819525,-146.07308094242853
846,1079.2477846778984,6233.091119210459,815.1263151540079
847,-4197.5298833512525,-2954.939317898161,3785.4600904885747
848,5830.789640040977,-1683.336668413117,-1961.8617242648952
849,-2271.2941757908375,3912.0993325714703,-4496.368887211265
850,-2739.6840362280345,2499.1510305451166,-5189.316631207961
851,4120.604267902273,4303.618962410332,-2275.986793568185
852,-1228.3472842140166,-391.4954893603582,6246.481075128903
853,3229.3259039655572,-753.7713836936463,-5448.294641249737
854,-4976.480242485855,-2888.744010813234,-2751.442172190356
855,3796.701210392899,3427.318206070976,3810.404364907289
856,4735.83974630771,3696.635009333421,-2141.8083704737974
857,-5265.122796196548,-1027.7327404483633,3450.0549192659155
858,-6211.344042505583,-965.2234463337707,1080.8239796779817
859,-6149.783773242991,721.9049720196201,1529.5896000233333
860,5366.657546919489,-1295.288141578422,3194.033029752106
861,-5087.1179764261615,3846.535687898898,-77.62400666636222
862,2582.603271401115,-86.29728032284793,-5831.238694542192
863,-708.2795750393354,5337.139851410791,-3419.635922263346
864,-1814.0960208692895,4960.343683230923,-3575.5667749416016
865,-5430.11270954874,-1118.0439122733349,-3153.487809171738
866,-4247.602207292767,-3964.8490675266316,-2630.300163689271
867,-3443.014592008768,2859.0646788767845,4544.45060177607
868,3734.928283052618,4637.764874221632,-2285.186925102325
869,-998.5310370705831,-5610.035190255447,-2865.4969067984134
870,-3112.230120826284,2741.494161098027,4845.499461402925
871,-4355.254965541842,3637.9984591719635,-2911.5894262334696
872,978.2622620910228,-5112.0537529051535,-3686.5350893143386
873,1671.1966029386338,5847.039851971649,-1923.5016180265393
874,-2959.0215722293397,5258.853535643631,-2066.224193184
875,-3550.9568861758394,-5238.4293935947535,793.847763498693
876,-495.141067298768,-2424.536463063462,-5878.527864484351
877,-3195.357994726734,799.7394220069287,5461.752075405196
878,-3367.444886030132,3082.65931524182,-4454.0047234451085
879,300.035271208181,3330.4816133179907,-5431.252401624401
880,3344.4777331336677,-514.0791078527512,-5406.5537039977135
881,-2942.340854734702,497.78404196288136,5636.9737388864205
882,5731.494538621653,-2105.916238520356,-1842.7476063898257
883,-3592.796232717459,4184.13636176483,3203.9740521885624
884,-4680.419541785045,-1086.9475909443638,4194.383081954474
885,-6170.989702452018,-986.9152847695103,-1274.957216414914
886,-4308.556426598699,910.5726132539436,4613.87371148972
887,1249.1063957432411,-3444.224566985225,5220.888998538253
888,5205.08681617848,-2596.083550685207,-2616.878488710484
889,1912.4174362701065,-6051.269920600689,-636.7287399296483
890,-3747.5939746593203,-5008.831623317286,-1244.0967651765977
891,-6004.114997922965,-855.2792456105973,-1974.7739350399797
892,2270.532481050857,-2800.452240860547,-5261.442871486982
893,1593.6870900855963,5754.960585302969,2240.8082718681662
894,-3952.9292614201167,171.49755091483237,-5002.556389987804
895,-4529.018722557753,61.765761977577384,4490.524021997618
896,-5840.793794660309,157.3496559486185,-2557.5379811059447
897,1256.1978251418623,5937.07610169659,-1963.0909244202294
898,-2113.3400305660252,-2532.816519048931,5458.870394762001
899,-4156.992111881499,4821.876113488807,386.72848187075124
900,-4819.399700223689,-1543.2822461732537,-3882.3057619022293
901,1568.0638768596637,2417.192748044552,-5690.253640010932
902,5086.0036999713175,-2780.591654743117,-2661.1102953879968
903,-6197.39074225615,1024.5250584649489,1106.041582918183
904,-2453.128958929331,1410.7441521467058,-5715.994300103453
905,-4188.763055831134,-4285.962229526363,-2182.98497932226
906,938.0620283616543,-6242.790634249024,-910.0748972736728
907,1978.7016966614615,1079.3119984880288,5966.61183556613
908,2497.2008680517056,-3297.6886312794513,4854.880956985563
909,-42.21704907100431,5431.9926174848415,3342.499890071339
910,1387.978674558795,-5535.20246202999,2848.8033442265087
911,2372.3590016994813,5317.808460370573,-2602.5867010794445
912,-62.17689423221029,-3069.060982060656,5590.852378035527
913,4163.928747208455,2226.4460269173605,-4287.804457780685
914,-6320.913432673009,-784.7177249022461,333.0211099121916
915,4774.549911632157,2550.5916211916215,-3373.2457832196947
916,5235.192400224508,-58.32570858354628,3642.7997797187227
917,-1119.4827448126427,2264.7375849485975,-5856.4796291079965
918,4579.161376621024,-443.494341366697,-4417.6040391604765
919,-2971.781039482299,-4284.517234944733,3673.1541088829954
920,4750.628115999724,1731.0639004669833,3887.87626690227
921,3692.5201865410186,4315.578592252447,2902.0178629444135
922,-782.7532316405479,-6271.341958743554,-859.1850822889337
923,-2302.6175026255723,1236.8873928162996,5817.96302883264
924,845.9834907568678,1544.4741238379893,-6130.215592043292
925,-4852.158269399504,-4059.01812920956,813.365567389671
926,3858.559341374201,-2285.815109010716,-4535.107571743058
927,321.20875680349127,5377.510635179374,3414.6501861617517
928,3731.7143769977,5144.9468390943985,533.3492497137413
929,-49.37041586870854,4763.573891511447,-4241.05622845494
930,-1738.604826604916,-119.68584227863126,-6135.434796885477
931,6072.717915397588,1940.7432253366974,-190.37973654747202
932,-4907.620324567005,-2530.375132331242,-3192.6628431993067
933,5704.069387641567,2840.21623012496,278.2009667023349
934,-2122.166192720663,898.0535298585216,-5947.3138557462335
935,6226.02840069302,1372.0561837201096,-186.18209701346677
936,5396.60037739552,-3382.9446568089948,336.1865649174606
937,4647.504756297672,-4343.027113563944,468.4513014262484
938,-6121.722342060072,-126.6097957249499,1785.8099330886298
939,915.9991797196594,-1106.774793538427,6214.227759738927
940,-6369.411504481028,43.48313370884708,330.6628107855249
941,2288.0876015889207,-1539.592435697878,5751.081798250302
942,-742.0216828045483,-1214.289672901952,-6217.357638362182
943,-4670.734392188409,4283.533401453754,-718.4799419798692
944,2751.9346192829503,-1522.6460826246612,5548.786925899099
945,4693.6904499854945,1478.588087930256,-4057.545910610835
946,-4707.905553202491,-4303.031775962215,13.207117535765065
947,3562.156583693029,-782.61811863803,-5232.511915361576
948,679.792424120082,-6183.918714085217,-1406.2941329837668
949,-817.2349404642916,-4179.1317238706015,-4748.43307601483
950,3312.369348935692,2303.8774438929977,4939.735783472776
951,-2823.813038351672,-4976.572829649685,2817.8776386487434
952,-2231.888849465344,5193.694013812276,2953.7850709372515
953,6039.283954418718,300.6540001754609,2029.1101697167896
954,4384.0046455707825,152.03802201991624,4630.120872962504
955,-1795.3282661065155,5830.382354702939,1861.201119077833
956,-5359.7665936730555,3452.1771056042808,189.75479877190992
957,-4664.999007171975,2175.140466319871,3766.587288996666
958,-2527.8999367865304,-5829.900475730564,-550.1035751930594
959,263.5876537260759,745.4612366986944,-6328.9367735941105
960,2106.0559829252247,5793.75024901204,1636.3428246021022
961,-4402.5295132995025,4255.959490330396,-1784.7056597552628
962,5232.787858323452,-2921.02443148929,2183.158054560942
963,-568.4038768868265,6333.601542733874,-492.990995240385
964,1012.46680389689,-6282.966458986769,-424.11677286223403
965,86.1772333417274,-2015.7084086105688,6050.630106582224
966,3358.9441300548815,1760.0406054542693,-5128.389902210149
967,1892.0093363453534,-5522.501864012726,2569.6119208796836
968,-4197.585991372504,-4339.9244407471415,2055.713813838859
969,-2255.2316775208674,-5492.734208364037,2329.041130539111
970,-141.15867449891033,1518.8193123997335,-6193.052051748338
971,-1986.3540320507682,-5805.295894389625,1741.7143361377066
972,-2748.8128652293317,-5371.56895482138,-2066.617135881206
973,2209.713485261606,-5714.783094858252,1771.7370240936843
974,3395.64253024176,-4556.980444189884,2895.5435808934553
975,-2173.108080432903,-4292.325062454463,-4187.383242521695
976,5119.600750025752,3800.0558422942086,-172.9027083374167
977,1158.5666406624937,-5145.029354052045,3587.063963167623
978,3700.2261576015903,-4835.082256995492,1900.2467054194194
979,-2126.050267983398,-2864.9250087689907,5287.035704712681
980,242.2234368493306,4115.658667366529,4866.550434459778
981,-6240.2534884014085,-219.4177576871766,1300.6628459653075
982,282.5411866110836,-4841.251978747192,4142.834940824193
983,5296.280449793563,-3302.841156072514,-1311.9776239163002
984,-5788.306818064783,-1820.4795584758951,-1965.1946335885286
985,-5191.51847655504,1897.096748421057,-3182.7333261658728
986,-2027.2568099941855,-5936.516162624918,-1152.6652887956316
987,5058.6710511882875,-3859.931926644438,-437.4977809195543
988,3473.3104176040574,-3835.031263007082,-3729.514920936827
989,391.52207188930413,6299.477335578633,918.6551891344352
990,5034.300736793897,-3585.77666363724,1574.373971075488
991,-475.28009770427343,-3547.4904391034843,5279.209410883847
992,2450.8313284261253,-2684.490691237858,5240.95097468306
993,-390.4198581789675,-3378.2223659474744,-5395.90748357686
994,3040.9062313944733,-5437.319822165374,-1367.1408245395842
995,4448.774200252282,4554.6383949599185,379.87997722385626
996,-172.6434701707188,5915.425332638456,-2378.7746755326825
997,-1011.83654547485,6272.853540894138,555.0917496255806
998,-1675.1442085603253,6127.193966693412,576.2096543894759
999,-3840.7084548714956,648.9451601259,5050.590097661537
